publication_id,publication_title,ref_num,ref_string,is_disambiguated,matched_title,matched_year,matched_publisher,matched_url,match_source,match_confidence,matched_uuid,matched_doi,matched_isbn,identifiers_json
ee65eec1-5ba8-4449-aae0-d4cc5bd1c201,Writing Politics in Imperial Rome,521,"Kallendorff, C. (ed.) (2007) A Companion to the Classical Tradition. Oxford.",True,A Companion to the Classical Tradition,2010-02-01,None,https://www.googleapis.com/books/v1/volumes/dMXo6BD7rgYC,google,1.0,fba00541-7ea4-43b6-b1e5-208655ef5887,,,"[{""id_value"": null, ""id_type"": null}]"
8733911d-9cc0-482e-933e-311a5dc087bf,Acre and Its Falls,28,"Chronica Andrensis, ed. J. Heller, MGH SS 24: 684–773.",False,,,,,,,,,,[]
eafa6810-4e53-4e33-8c53-7edf6cde15bc,"Work, Labour, and Professions in the Roman World",920,"Whittaker,  C.R.  (1980).  ‘Rural  Labour  in  Three  Roman  Provinces’,  in  P.D.A.  Garnsey  (ed.), Non-slave labour in the Greco-Roman world. Cambridge, 73–99.",False,,,,,,,,,,[]
40375d98-6b48-450f-890c-b1447de69f8e,Flavian Rome,22,"Anderson,  J.  C.  jr  (1982)  ‘Domitian,  the  Argiletum  and  the  Temple  of  Peace’, American Journal of Archaeology 86: 101–10.",False,,,,,,,,,,[]
4c9c34d4-d286-4970-a913-e63f2dbcaee0,Philo of Alexandria  On Planting,9," 						Coria, M. 2010. In J.P. Martín (ed.), Filón de Alejandría Obras Completas Volumen II. Madrid: Trotta. Pages 353–414. 					",False,,,,,,,,,,[]
f08a0f1e-d061-4be2-b6e0-0ad00ec8d342,From Vines to Wines in Classical Rome,229,"Johnson, Hugh. The Story of Wine. London, 2004.",False,,,,,,,,,,[]
1495646b-6ccc-4740-ab8c-00a8b8082efc,Brill’s Companion to the Reception of Herodotus in Antiquity and Beyond,827,"Smith, W. (ed.) (1870) Dictionary of Greek and Roman Biography and Mythology. 3 vols.",True,Dictionary of Greek and Roman Biography and Mythology,1846,None,https://www.googleapis.com/books/v1/volumes/870_AQAAIAAJ,google,1.0,c943869c-4ed7-45f4-93ca-6cb3f91aa107,,,"[{""id_value"": null, ""id_type"": null}]"
05c49a18-89fd-437d-bacf-ed75ddd508fd,The Alter-Imperial Paradigm,349,"Osborne, Grant R. Revelation. Baker Exegetical Commentary on the New Testament.",True,Romans (Baker Exegetical Commentary on the New Testament),2018-10-16,None,https://www.googleapis.com/books/v1/volumes/e29HDwAAQBAJ,google,0.9142857142857143,5b3bf0c6-42b3-4395-8cf6-095071f737be,,,"[{""id_value"": null, ""id_type"": null}]"
c90e527d-b3cc-4ae0-b2c5-f959ba70584e,Revisiting Aspect and  Aktionsart,106,"Frawley, William. Linguistic Semantics. Hillsdale, NJ: L. Erlbaum Associates, 1992.",True,Linguistic Semantics,1995-11-30,None,https://www.googleapis.com/books/v1/volumes/Na2g1ltaKuAC,google,1.0,aa2566d6-3757-40eb-9e9d-fb61f131c831,,,"[{""id_value"": null, ""id_type"": null}]"
ecc015fa-9319-4c3a-8e60-a152fe9fdc2e,Brill’s Companion to Roman Tragedy,366,"Jocelyn, H.D. (ed.), 1967. The Tragedies of Ennius: the Fragments. Cambridge.",True,The Tragedies of Ennius,1967,None,https://www.googleapis.com/books/v1/volumes/PxY9AAAAIAAJ,google,0.99,3e8bcbbe-660d-4177-8f96-5e9eaba9d194,,,"[{""id_value"": null, ""id_type"": null}]"
698cd9ac-ed97-4320-9d28-bb8496166ae2,The Reception of Ancient Greece and Rome in Children’s Literature,104,"Children’s Literature and  Culture  (Newcastle  upon Tyne,  UK:  Cambridge  Scholars  Adventures (London: Book Palace Books, 2010).",False,,,,,,,,,,[]
3dde0657-9b89-4314-a9fe-623ca476fa58,The Rhetoric of Explanation in Lucretius’ De rerum natura,31,"Heraclitus ———. Hesiod: Theogony (Oxford, 1966).",False,,,,,,,,,,[]
780dbbc0-3c48-4e5a-84c9-cb0f563bddd4,Brill’s Companion To Thucydides,147,"Brock, R. – Hodkinson, S. 2000. Alternatives to Athens: Varieties of Political Organization and Community in Ancient Greece. Oxford.",False,,,,,,,,,,[]
a207b58f-c54f-471b-90b9-d22f650985c8,New Perspectives on Power and Political Representation from Ancient History to the Present Day,16, 							16 							 								 									 										Pitkin 										H.F. 									 								 								The Concept of Representation 								Berkely 								1967 							 						,True,The Concept of Representation,1967,None,https://www.googleapis.com/books/v1/volumes/yaEwDwAAQBAJ,google,0.99,b2c77255-903a-4ef1-ac1d-c674c658d873,,,"[{""id_value"": null, ""id_type"": null}]"
51ee895a-8c4e-4220-960d-0fd98540d60b,Brill’s Companion to Aphrodite,339,"Hoffner, Harry A., Jr., “Oil in Hittite Texts,” Biblical Archaeologist 58 (1995), 108– 114. 1997).",False,,,,,,,,,,[]
624697a1-c86b-40fb-91d0-8a89d95dc958,Psychological and Ethical Ideas,138,"Osborne,  C.,  Rethinking Early Greek Philosophy: Hippolytus ef Rome and the Presocratics,  London,  1987.",False,,,,,,,,,,[]
113f4107-72f7-4cef-b962-4f99b3f624fb,Imagining Emperors in the Later Roman Empire,15,"Hekster, O. 2008. Rome and its Empire AD 193–284. Edinburgh.",True,"Rome and its Empire, AD 193-284",2008-07-03,None,https://www.googleapis.com/books/v1/volumes/COCqBgAAQBAJ,google,0.99,f0c9eacc-4765-4128-a232-4c23d05f22f9,,,"[{""id_value"": null, ""id_type"": null}]"
a93aab94-0213-4f7d-92a3-63465c1eb1da,Anthologies of Historiographical Speeches from Antiquity to Early Modern Times,64,"Battista, G. (1991), Opere, G. Rizzo ed., Galatina: Congedo.",False,,,,,,,,,,[]
2841ce8b-9934-4665-8c6c-fc3fca5b31a4,A COMPANION TO APOLLONIUS RHODIUS,48,"Deubner,  L.  1932.  Attische  Feste,  Berlin.",True,"Attische Feste, Etc",1932,None,https://www.googleapis.com/books/v1/volumes/ayYNMwEACAAJ,google,0.99,76a7099a-13a7-4936-a766-cb3e7a5ffe6d,,,"[{""id_value"": null, ""id_type"": null}]"
468c7d8f-6cd1-49b8-97f8-11cae4fe02ca,The Historical Present in Thucydides: Semantics and Narrative Function,15,"Bakker, S.J. & G.C. Wakker, (eds), (2009), Discourse Cohesion in Ancient Greek, Leiden.",True,Discourse Cohesion in Ancient Greek,2009,None,https://www.googleapis.com/books/v1/volumes/9UGS_DJc6uAC,google,0.99,741b8c88-fbf9-4214-af94-b815b59bbb75,,,"[{""id_value"": null, ""id_type"": null}]"
11cd61ac-1cbb-4451-921a-0c7b2564d21f,Rome and the Indian Ocean Trade from Augustus to the Early Third Century  CE,623," 				Sedov, A. (2010b) ‘Stratigraphy and Development of the site: Preliminary Remarks’, in Salles and Sedov 2010: 371–380. 			",False,,,,,,,,,,[]
69e0a007-fdfa-4370-8746-fe48c84c6849,Mittani Palaeography,416,"  Wilhelm, G. (1982). Grundzüge der Geschichte und Kultur der Hurriter. Darmstadt: Wissenschaftliche Buchgesellschaft.  ",True,Grundzüge der Geschichte und Kultur der Hurriter,2016,None,https://www.googleapis.com/books/v1/volumes/V-VLAQAACAAJ,google,1.0,aebf2082-f7bb-4bad-9fef-8d640ac564db,,,"[{""id_value"": null, ""id_type"": null}]"
213f0cae-e8c5-4039-adbc-39a15a0a14f3,Collegia centonariorum,103,"Buckler, W. H. 1923. “Labour Disputes in the Province of Asia.” In Anatolian Studies  St. Louis.",True,Labour Disputes in the Province of Asia,1923,None,https://www.googleapis.com/books/v1/volumes/uubdZwEACAAJ,google,0.99,6a20ab60-a8bf-421e-b4cd-b2e6b32e7d9f,,,"[{""id_value"": null, ""id_type"": null}]"
3350b2a9-a064-4713-992b-211a33f5d365,"Theoria ,  Praxis  and the Contemplative Life after Plato and Aristotle",262,"Opsomer, J. (1998) In Search of the Truth. Academic Tendencies in Middle Platonism (Brussels).",False,,,,,,,,,,[]
314091a5-f66a-4c92-af48-cfa94861969b,The Alexander Romance by Ps.-Callisthenes,331,"Gaillard, M. 2005. Alexandre le Grand en Iran. Le Dârâb Nâmeh d’Abu Tâher Tarsusi. Traduit et annoté. Paris.",False,,,,,,,,,,[]
06ed2adc-dfce-42f7-a6ba-10b8ba4b159b,The Ancient Art of Persuasion across Genres and Topics,517,"  Riggsby, A. M. 2004. “The rhetoric of character in the Roman courts.” In: Cicero the advocate, eds. J. Powell and J. Paterson: 165–185. Oxford.  ",False,,,,,,,,,,[]
9c972662-3764-468c-a7ea-2bf96d40a71c,Augustan and Julio-Claudian Athens,70,"——— (1927a), Athènes sous Auguste (Cairo).",True,Athènes sous Auguste,1927,None,https://www.googleapis.com/books/v1/volumes/GDdoAAAAMAAJ,google,0.99,8d1ced5c-a7d2-4be5-af8f-9045795c4058,,,"[{""id_value"": null, ""id_type"": null}]"
841b3b93-5a45-4b0c-a33c-8ef22bf3af6d,Return to Troy,147,"Lévêque,  Pierre.  The  Greek  Adventure.  Tr.  Miriam  Kochan.  London:  Weidenfeld  &  Nicolson, 1968.",False,,,,,,,,,,[]
27a910da-e7e7-44b3-9106-43c56ea89c02,Early Christianity in Lycaonia and Adjacent Areas,162,"  Breton, J.-F., et al., Inscriptions grecques et latines de la Syrie (Paris, 1929ff.). (IGLSyr)  ",True,Inscriptions Grecques et Latines de la Syrie,1870,None,https://www.googleapis.com/books/v1/volumes/gg1DAAAAcAAJ,google,0.9545454545454546,7707b7f3-544a-4af0-bd42-3043dc17e4d7,,,"[{""id_value"": null, ""id_type"": null}]"
33125a0e-128b-4e05-b70a-238b83ae499e,Diplomats and Diplomacy in the Roman World,329,"Scuderi, R. “Decreti del senato per controversie di conﬁne in età repubbli- cana”, Athenaeum 79 (1991), 371–415.",False,,,,,,,,,,[]
116203eb-4ebd-41ed-a7a0-897d4a49209a,The Syrian Wars,33,"Brett, A.R., ‘A New Cleopatra Tetradrachm of Ascalon’, AJA 41, 1937, 452–463.",True,A New Cleopatra Tetradrachm of Ascalon,1937,None,https://www.googleapis.com/books/v1/volumes/WGZpQwAACAAJ,google,0.99,378fcfd2-49b1-4cc1-ae96-9d0d2cbf2915,,,"[{""id_value"": null, ""id_type"": null}]"
cb8ecffa-c095-4d4b-9497-14c3bb4e9c44,Cretan Sanctuaries and Cults,571,"———1887. Homer:  An  Introduction  to  the  Iliad  and  Odyssey,  Glasgow.",False,,,,,,,,,,[]
36fa23f6-a5bc-42d2-811f-ac681b768131,Magnes,247," 				Beal, Peter. 2008. A Dictionary of English Manuscript Terminology, 1450 to 2000. Oxford; New York: Oxford University Press. 			",True,A Dictionary of English Manuscript Terminology,2007-12-20,None,https://www.googleapis.com/books/v1/volumes/hzggwODemEAC,google,1.0,693b7a42-cd5b-4a71-9e19-9e510be4f666,,,"[{""id_value"": null, ""id_type"": null}]"
7e8756fa-9241-4db4-98e1-c32ddcf154f6,Hellenistic Astronomy,1567," 					Wallenfels, R. 1998. Seleucid Archival Texts in the Harvard Semitic Museum. Groningen. 				",True,Seleucid Archival Texts in the Harvard Semitic Museum,1998-01-01,None,https://www.googleapis.com/books/v1/volumes/ph7LXfsDKckC,google,0.99,0224b389-cab0-452d-a0a5-d2b1099476ba,,,"[{""id_value"": null, ""id_type"": null}]"
1ab0c4a3-1dc0-433c-97e8-1edc3eed1af9,My Lots are in Thy Hands: Sortilege and its Practitioners in Late Antiquity,421,"  Láng, Benedek. Unlocked Books: Manuscripts of Learned Magic in the Medieval Libraries of Central Europe. University Park, PA: Penn State University Press, 2010.  ",False,,,,,,,,,,[]
c0481ef4-b6ba-49c4-bff9-67c99ae323a3,The Cultural Lives of Domestic Objects in Late Antiquity,42,"  Lib. Ep. = R. Foerster ed., Libanii Opera, 12 vols. (Leipzig 1963).  ",True,Libanii opera,1923,None,https://www.googleapis.com/books/v1/volumes/zkdlAQAACAAJ,google,0.9230769230769231,2f544d24-f4f0-476b-9389-de678496501c,,,"[{""id_value"": null, ""id_type"": null}]"
a63e6f1f-cf2e-44e5-bab5-0709ecf2fc82,Ovid in Exile,22,"vonAlbrecht, M. 1994. Geschichte der römischen Literatur. Vol. 1. 2nd ed. Munich.",True,Geschichte der römischen Literatur,2005,None,https://www.googleapis.com/books/v1/volumes/iGm7AQAACAAJ,google,1.0,c4544e0d-f290-4a31-827b-292c8d6ac55a,,,"[{""id_value"": null, ""id_type"": null}]"
fb28a9d9-1d27-48d9-a67e-0b953221c5ee,The Stateman in Plutarch's Works,331,"Lamberton R., Plutarch (New Haven/ London 2001).",False,,,,,,,,,,[]
c1059ca1-9a10-4203-8293-26f9d1f8e645,Mythical and Legendary Narrative in Ovid's  Fasti,26,"—— ed. (2002),  Brill’s Companion to Ovid (Leiden).",True,Brill's Companion to Ovid,2001-11-01,None,https://www.googleapis.com/books/v1/volumes/1-t5DwAAQBAJ,google,0.96,43ba1517-9caa-47b7-b765-8deeb145b0db,,,"[{""id_value"": null, ""id_type"": null}]"
d202fc1e-948b-4b1a-8c7c-136a398bfa72,Das theologische Profil des Julian von Toledo,730," 					Schmidt, P.L.: Aelius Donatus, in: Herzog, R. (Hrsg.): Restauration und Erneuerung. Die lateinische Literatur von 284 bis 374 n.Chr. (HAW 8.5), München 1989, 143–158. 				",False,,,,,,,,,,[]
844b7405-0af4-4690-a656-9836843d67c9,Aristophanes and His Tragic Muse,189,"Duncan, A. (2000/2001), “Agathon, Essentialism, and Gender Subversion in Aristo- phanes’ Thesmophoriazusae,” European Studies Journal 17/18: 25–40.",False,,,,,,,,,,[]
a9b3b44b-944b-4e6b-94b9-765c35ef58b5,New Testament Conjectural Emendation in the Nineteenth Century,610," 					Adalbert Merx, Die vier kanonischen Evangelien nach ihrem ältesten bekannten Texte. Übersetzung und Erläuterung der syrischen im Sinaikloster gefundenen Palimpsesthandschrift. Zweiter Teil, erste Hälfte, Erläuterung. Matthaeus (Berlin: Reimer, 1902). [b3029] 				",True,Uebersetzung der syrischen im Sinaikloster gefundenen Palimpsesthandschrift,2018-05-22,None,https://www.googleapis.com/books/v1/volumes/WYVdDwAAQBAJ,google,0.8848484848484849,c6b0114b-be9e-46c7-ab29-02f16f762a0f,,,"[{""id_value"": null, ""id_type"": null}]"
f33bf00d-1ffe-4122-8b69-6720f9629605,The Coptic  Life of Aaron,59," 				Buzi, P., ‘Coptic Palaeography’, in A. Bausi et al. (eds), Comparative Oriental Manuscript Studies (Hamburg, 2015) 283–286. 			",True,Comparative Oriental Manuscript Studies,2015,None,https://www.googleapis.com/books/v1/volumes/9qKNrgEACAAJ,google,0.99,034a77e8-637f-4271-8689-d5f5caac4c8f,,,"[{""id_value"": null, ""id_type"": null}]"
9c972662-3764-468c-a7ea-2bf96d40a71c,Augustan and Julio-Claudian Athens,51,"——— (1975). “The Fasti for the Reign of Claudius,” CQ 25: 407–426.",False,,,,,,,,,,[]
4fc47018-0ca9-472c-9bab-3de1efb301f4,Reading the Roman Republic in Early Modern England,493,"Worden, B., ‘Ben Jonson and the Monarchy’ in R. Headlam-Wells, G. Burgess and R. Wymer  (eds), Neo-Historicism (Cambridge, 2000), pp. 71–90.",False,,,,,,,,,,[]
a2915507-febc-42b0-b0da-543d48f26817,"« Je, auteur de ce livre » :  L’affirmation de soi chez les historiens, de l’Antiquité à la fin du Moyen Age",972,"  Genette, Gérard. Palimpsestes. La littérature au second degré. Paris : Seuil, 1982.  ",True,Palimpsestes. La littérature au second degré,2014-07-25T00:00:00+02:00,None,https://www.googleapis.com/books/v1/volumes/--MLCwAAQBAJ,google,0.8108108108108109,d112d7c5-d6b6-47c4-a004-2bd2e5ea2418,,,"[{""id_value"": null, ""id_type"": null}]"
895dadd0-a72c-4591-90cf-a4f2dd6c46d6,Receptions of Hellenism in Early Modern Europe,318,   Censorinus. 1983. De die natali liber ad Q. Caerellium. Accedit anonymi cuiusdam epitoma disciplinarum (Fragmentum Censorini). Edited by Nicolaus Sallmann. Leipzig: Teubner.  ,False,,,,,,,,,,[]
23dfad7b-5f9f-4781-a653-5af86c21efdb,AËTIANA,145,"Metzger,  B.  M.  ( 19682)  The  Text  of the N= Testament.  Its  Transmission,  Corruption  and Restoration  (Oxford,  new ed.  1994)",False,,,,,,,,,,[]
49811f89-3de0-4efe-aa65-2245b69de9fb,Roman Economic Policy in the Erythra Thalassa,72,"Mattingly, H. (1966a). A Catalogue of Roman Coins in the British Museum, 3: ( Nerva-Hadrian)  of the Seminar for Arabian Studies 1 :29-31.  (London: Trustees of the British Museum).  (London: Trustees of the British  Museum).",True,A Catalogue of the Roman Coins in the British Museum,1950,None,https://www.googleapis.com/books/v1/volumes/BBRxswEACAAJ,google,0.96,238618e0-958e-4927-a7ef-e64a20cf24a6,,,"[{""id_value"": null, ""id_type"": null}]"
552622c2-3367-4cd9-ac2f-d343fffa2694,Brill’s Companion to Ancient Geography,420,"Freitag,  K.  2007.  “Überlegungen  zur  Konstruktion  von  Grenzen  im  antiken  Griechen- land”.  In  Räume  und  Grenzen.  Topologische  Konzepte  in  den  antiken  Kulturen  des  östlichen  Mittelmeerraums,  ed.  by  R.  Albertz,  A.  Blöbaum,  and  P.  Funke,  49–70.  München: Herbert Utz.",False,,,,,,,,,,[]
add95ebb-f925-4686-83e8-5cc508c6766b,Early Christianity in the Lycus Valley,375,"Eskikurt, A. / E. Kapluhan: “Denizli’nin termal kaynakları = Thermal Springs of Denizli.” In: Özçelik, A. et al. (eds.): Uluslararası Denizli ve çevresi tarih ve kül- tür sempozyumu bildiriler, 6–8 eylül 2006, Denizli, vol. 2. Denizli 2007, pp. 615– 624.",False,,,,,,,,,,[]
faedaf00-3208-4c32-8f76-c3c1201ca218,“Neither Letters nor Swimming”,397,"  Karttunen, Klaus. India and the Hellenistic World. Studia Orientalia 83. Helsinki: Finnish Oriental Society, 1997.  ",False,,,,,,,,,,[]
acc9361e-49f4-4c82-a34d-6f7d0c11bc19,The Rhetoric of Cicero in Its Medieval and Early Renaissance Commentary Tradition,402,Sutherland  [1950]:  Priscilla  Sutherland  ed.  ‘Quintilian  in  the  Medieval  Florilegia’ unpublished PhD thesis (University of North Carolina),False,,,,,,,,,,[]
6d6b9457-ab0a-4d72-aaf9-11ec56fa169f,The Ancient Mediterranean Environment between Science and History,454,"Magny, M., C. Bégeot, J. Guiot, and O. Peyron, O. 2003. “Contrasting patterns of hydrological changes in Europe in response to Holocene climate cooling phases.” Quaternary Science Reviews 22: 1589–1596.",False,,,,,,,,,,[]
b4fcde5b-35be-4af6-9ef9-b439a799ec47,Rhetorical Strategies in Late Antique Literature,197,"Kennedy, G.A. (19992), Classical Rhetoric and its Christian and Secular Tradition from of the Western Parts, a.d.395–491, London: Spink and Son.",True,Classical Rhetoric and Its Christian and Secular Tradition from Ancient to Modern Times,2003-07-11,None,https://www.googleapis.com/books/v1/volumes/nafqCQAAQBAJ,google,0.8304093567251462,e075ae08-dcb0-464a-97ea-03083d16d3a0,,,"[{""id_value"": null, ""id_type"": null}]"
40c5bff3-cc56-4a6f-ace4-65e582148eac,Pain and Pleasure in Classical Times,39,"  Bradley, K. R., “The Chronology of Nero’s Visit to Greece A.D. 66/67”, Latomus 37 (1978), 61–72.  ",True,The Chronology of Nero's Visit to Greece A,1978,None,https://www.googleapis.com/books/v1/volumes/YpyfNQAACAAJ,google,0.99,25841ce6-a893-4243-b1f7-96baab1723a0,,,"[{""id_value"": null, ""id_type"": null}]"
ffa886dd-9ca5-4543-a44a-bafb586cc108,Virtue Ethics in the Middle Ages,72,"Boethius, Philosophiae consolatio, ed. Ludovicus Bieler, CCSL 94.",False,,,,,,,,,,[]
7c641ea8-b191-4671-bd04-db4f56633ec6,Philological and Historical Commentary on Ammianus Marcellinus XXVII,45,"Blockley,  R.C.,  Ammianus  Marcellinus.  A  Study  of   his  Historiography  and  Political  Thought, Brussels 1975.",False,,,,,,,,,,[]
6741510f-2139-4243-a8a4-0d08a2cf9a0e,Proba the Prophet,118,"Farrar, F.W. 1867. Essays on a Liberal Education. London.",True,Essays on a Liberal Education,1867,None,https://www.googleapis.com/books/v1/volumes/Xu1BAAAAIAAJ,google,0.99,1f5989e4-5806-4456-97dc-d453eff11330,,,"[{""id_value"": null, ""id_type"": null}]"
9981cec0-5bf3-45c7-9d43-70993b973408,The  Accademia Pontaniana,123,"Celenza, Christopher, The Lost Italian Renaissance: Humanists, Historians and Latin’s  London, 1995.",True,The Lost Italian Renaissance,2006,None,https://www.googleapis.com/books/v1/volumes/ApCuuTrUo84C,google,0.835820895522388,d34b3fd4-d70f-4743-aa9e-e135f690c709,,,"[{""id_value"": null, ""id_type"": null}]"
81059a69-1346-4088-bd66-daff4451ee75,Jacques Réda,200,"Scorsese, Martin. No Direction Home: Bob Dylan. Hollywood: Paramount, 2005. DVD.",False,,,,,,,,,,[]
0172ea14-22fd-4164-a417-cb923c77acb3,Dealing With The Dead,588,"Marshall, Peter. Beliefs and the Dead in Reformation England (Oxford, 2005).",True,Beliefs and the Dead in Reformation England,2002-07-11,None,https://www.googleapis.com/books/v1/volumes/5hhTBBaP6o0C,google,1.0,38a60086-0425-4e33-9ff8-5ccfff40829f,,,"[{""id_value"": null, ""id_type"": null}]"
0cb8cf07-6022-4799-b5aa-6b0d2c9de6bc,Death and Immortality in Late Neoplatonism,150,"——— (2001), ‘Philosophie als Bemühung um Sterben und Tod Tugendlehre und Suizidproblematik bei Platon und den Neuplatonikern’, Antike und Abend- land 47: 21–40.",False,,,,,,,,,,[]
f1148c27-9721-495b-ae3b-2b5a3464832a,Paul’s Letters and Contemporary Greco-Roman Literature,223,"Engberg-Pedersen, Troels. Cosmology and Self in the Apostle Paul: The Material Spirit  John Knox Press, 2001).",False,,,,,,,,,,[]
0a8f63bb-93cc-4ec0-9324-4b005c68564f,Theios Sophistès,345,"Nilsson, M.P. 1961. Geschichte der griechischen Religion. Handbuch der Altertumswissenschaft   5.2, Bd. II: Die hellenistische und römische Zeit. München.",False,,,,,,,,,,[]
abd66c32-5fac-4673-8fb1-3325a4ad8114,Popular Medicine in Graeco-Roman Antiquity,630,"Schultz, C.E., Women’s Religious Activity in the Roman Republic (Chapel Hill, NC, 2006).",True,Women's Religious Activity in the Roman Republic,2006-12-08,None,https://www.googleapis.com/books/v1/volumes/VFxdmWJDTsoC,google,0.99,a19d5895-68d7-4006-8267-aed1548ce0ef,,,"[{""id_value"": null, ""id_type"": null}]"
9a180dcb-2613-4c18-8982-3b7305df72f7,The Religious Life of Nabataea,303,"——. 2003b. “obodas the god in a Nabatean-arabic inscription from the Vicinity of oboda  and a review of other Nabatean inscriptions”, pp. 101–105 in The Nabateans in the Negev  (ed. r. rosenthal-heginbottom). haifa.",False,,,,,,,,,,[]
c2a0798f-b5a0-4b2c-b742-7ec474426367,Brill’s Companion to Silius Italicus,158,"Carey,  C.  (1981)  A  Commentary  on  Five  Odes  of  Pindar:  Pythian  2,  Pythian  9,  Nemean  1,  Nemean 7, Isthmian 8. New York.",True,A Commentary on Five Odes of Pindar,1981,None,https://www.googleapis.com/books/v1/volumes/XmwXAQAAIAAJ,google,0.99,b144afd2-ad62-4de6-939a-41ce12812ef8,,,"[{""id_value"": null, ""id_type"": null}]"
4034cfca-76c3-4a1b-96af-9b6407bfc5f0,Polybius: Experience and the Lessons of History,67,"  Earl, D. C. 1962. “Terence and Roman Politics,” Historia 11: 469–485.  ",True,Terence and Roman Politics,1962,None,https://www.googleapis.com/books/v1/volumes/Odu-tgAACAAJ,google,0.99,51f4a739-9a9e-4d60-ad08-3cd497d7ea58,,,"[{""id_value"": null, ""id_type"": null}]"
6ea54046-1133-48fc-9a95-ccc4faf97e13,Apollonius’  Argonautica  a Callimachean Epic,65,"Wendel, Carl, editor.  Sdwlia in Apollonium Vetera. Berlin, 1935.",False,,,,,,,,,,[]
fc98ae76-db80-4892-95c9-a9d0e5a4cf21,Live unnoticed,268,"Luck, G. (1977), P. Ovidius Naso. Tristia. Herausgegeben, übersetzt und erklärt. Band II: Kommentar, Heidelberg.",False,,,,,,,,,,[]
8fad0f09-d1c9-434c-ad6d-337d723c051a,From Face to Face,274,"De KERSAUSON, K., 1986: Catalogue des Portraits Romains  1. Portraits de la République et d’ époque Julio-Claudienne  (Paris, Musée du Louvre).",False,,,,,,,,,,[]
dac38eff-d26b-4b65-9317-1409669411b6,Rewriting Roman History in the Middle Ages,82,"Blank, R. 1968: Weltdarstellung und Weltbild in Würzburg und Bamberg vom 8. bis zum Ende  des 12. Jahrhunderts, Ein Beitrag zur Bildungsgeschichte des Mittelalters, Bamberg.",True,Weltdarstellung und Weltbild in Würzburg und Bamberg vom 8. bis zum Ende des 12. Jahrhunderts,1968,None,https://www.googleapis.com/books/v1/volumes/8uhKAAAAYAAJ,google,0.99,3bf5cb04-64d7-4bad-a482-fa2f97393eba,,,"[{""id_value"": null, ""id_type"": null}]"
15c3610b-db83-4705-a1fa-cde9f2baa4de,The Gospel of Peter,247,"Keppie, L. ‘The army and the navy’, in A.K. Bowman, E. Champlin & A. Lintott (eds.),  A.D. 69 (Cambridge: CUP, 1996) 372.",False,,,,,,,,,,[]
869d8a52-85bf-4144-b44e-bc5686aef65c,Athena Itonia: Geography and Meaning of an Ancient Greek War Goddess,136,"  Davies, J.K. 1994. “The Tradition about the First Sacred War,” in Greek Historiography, ed. S. Hornblower, Oxford, ch. 7 (pp. 193–212).  ",False,,,,,,,,,,[]
41eb6b9c-5d9b-4210-a056-2acb70b18e90,"Teachers, Students, and Schools of Greek in the Renaissance",294,"Boter, Gerard. 1999. The Encheiridion of Epictetus and Its Three Christian Adaptations. Leiden-Boston-Cologne: Brill.",True,The Encheiridion of Epictetus and its Three Christian Adaptations,1999-05-21,None,https://www.googleapis.com/books/v1/volumes/IH2iDwAAQBAJ,google,0.99,902ecb37-7abc-4c3f-b170-92c7d309267e,,,"[{""id_value"": null, ""id_type"": null}]"
5863c47a-f761-4b23-b1d9-1c1ecda85f8b,Corinth in Context,209,"Fehr,  B.  2004.  “Aspekte  politischer  und  religiöser  Bildsymbolik  zur  Zeit  Hadrians.”  and K. Stähler. Münster: Ugarit-Verlag.",False,,,,,,,,,,[]
891563d7-41ae-4195-ba3b-f7b030396ea4,Plundered Empire,107,"  Cortambert, Richard (1836-1884), Aventures d’un artiste dans le Liban, Paris 1864.  ",True,Aventures d'un artiste dans le Liban,1864,None,https://www.googleapis.com/books/v1/volumes/rN1AAQAAMAAJ,google,0.9722222222222222,80de130f-5dd4-4596-a05e-40134d7b6813,,,"[{""id_value"": null, ""id_type"": null}]"
2a8faa45-b51c-429b-b844-1b5efae66e11,Wisdom in Loose Form,53,"Calboli, G. 1997, ‘Atticists’, in Der neue Pauly, vol. 2, cols. 263–264.",True,Der neue Pauly,2004,None,https://www.googleapis.com/books/v1/volumes/_Z0JxwEACAAJ,google,0.9032258064516129,29224343-33c2-4661-9c5d-ae1ebc5402cf,,,"[{""id_value"": null, ""id_type"": null}]"
9281dea2-23e0-4754-a756-72f84a7d7b74,Sophocles and the Greek Language,74,"Ferguson, J. (1970), ‘Ambiguity in  Ajax’, Dioniso 44: 12–29.",False,,,,,,,,,,[]
895dadd0-a72c-4591-90cf-a4f2dd6c46d6,Receptions of Hellenism in Early Modern Europe,253,"   Perbrevis Instructio. 1671. Perbrevis Instructio super aliquibus ritibus Graecorum, ad RR. PP. DD. episcopos Latinos, in quorum civitatibus, vel diocesibus Graeci, vel Albanenses Graeco ritu viventes degunt. 1671. Rome: Reverenda Camera Apostolica.  ",False,,,,,,,,,,[]
bb82d781-6e66-4cd6-b7d0-6dfbcc2f1a23,Tacitus the Epic Successor,78,"del Castillo, A. (2002). “The Emperor Galba’s Assumption of Power: Some Chrono- logical Considerations,” Historia 51: 449–461.",False,,,,,,,,,,[]
7eeeaa46-5896-449c-a804-d2064658b6b4,History of Ancient Greek Scholarship,495,"  Cohn L., ‘Archibios’ [6], RE II/1 (1895f) 466.  ",False,,,,,,,,,,[]
7da9ec6d-8419-4b65-8561-aa12662f56bc,The Space of Time,165,"Meijering,  E.P.  1979.  Augustin  über  Schöpfung,  Ewigkeit  und  Zeit.  Das  Elfte  Buch  der  Latin chrétiens et médiéval. Rome.",False,,,,,,,,,,[]
811d915b-3799-46ee-acbb-8b779c9761cd,Egyptianizing Figurines from Delos,1719,"Troy, Lana  1984  “Good and Bad Women: Maxim 18/284-288 of the Instructions of  Ptahhotep ” Göttinger Miszellen 80: 79-82",False,,,,,,,,,,[]
969dc0be-9925-4ee3-a7ec-c98285b071f6,Style and Context of Old Greek Job,484,"Mullen,  Alex  and  Patrick  James,  eds.  Multilingualism  in  the  Graeco-Roman  Worlds.  Cambridge: Cambridge University Press, 2012.",True,Multilingualism in the Graeco-Roman Worlds,2012-09-06,None,https://www.googleapis.com/books/v1/volumes/m0Mf6Lt5VcIC,google,0.99,4a29e3fc-430b-47bc-a190-10bce220bfa7,,,"[{""id_value"": null, ""id_type"": null}]"
687377e8-6f32-4e37-9e37-a284b1c03421,Brill’s Companion to Callimachus,776,——.  2007. Statius’ Thebaid and the Poetics of the Civil War. Cambridge.,True,Statius' Thebaid and the Poetics of Civil War,2007-02-08,None,https://www.googleapis.com/books/v1/volumes/j5mkpwt4szUC,google,0.99,254546b5-62a1-45ac-aef6-edb2b0feaf9d,,,"[{""id_value"": null, ""id_type"": null}]"
136bcfab-6b3d-45d3-b8a5-d401ca5b78de,Synagogues in the Works of Flavius Josephus,204,"Horbury,  William.  “Ezekiel  Tragicus  106:  δωρήματα.”  Vetus  Testamentum  36.1  (1986):  37–51.",False,,,,,,,,,,[]
efc5036a-57bd-4319-93fc-e976ed91daca,Reading the Roman Republic in Early Modern England,109,"de l’Espine, Jean, The sicke-mans comfort against death and the deuill, the law and sinne, the  wrath  and  iudgement  of  God.  Translated  out  of  Frenche  into  English,  by  I.E.  (London,  1590), STC 17238.",False,,,,,,,,,,[]
63aad500-2bf4-4cb4-ae2b-14a84d24bef3,Brill’s Companion to the Study of Greek Comedy,1126,"Vogt-Spira, G. 1992. Dramaturgie des Zufalls: Tyche und Handeln in der Komödie Menanders (Zetemata 88). Munich.",False,,,,,,,,,,[]
891563d7-41ae-4195-ba3b-f7b030396ea4,Plundered Empire,476,"  Vogüé, comte Melchior de, Mélanges d’archéologie orientale, Paris 1868.  ",True,Mélanges d'archéologie orientale,1868,None,https://www.googleapis.com/books/v1/volumes/DX3LmAEACAAJ,google,0.99,fc36038c-df11-4fe8-820f-50f8f9eefdfc,,,"[{""id_value"": null, ""id_type"": null}]"
172d8289-86ba-42f7-88a9-1f9daca90b9f,Brill’s Companion to Nonnus of Panopolis,1502,"Bibliography T.D.  Papanghelis/A.  Rengakos,  Brill’s  Companion  to  Apollonius  Rhodius  (2nd  rev.",True,Brill's Companion to Apollonius Rhodius,2008-10-29,None,https://www.googleapis.com/books/v1/volumes/O38tDgAAQBAJ,google,0.926829268292683,971c4d67-374e-4e17-957a-7cd6c02b2604,,,"[{""id_value"": null, ""id_type"": null}]"
beb77dfa-ce30-4bd3-9ac3-ddb84b70b8e4,Ptolemy II Philadelphus and his World,673,"Stefan Pfeiﬀer, Das Dekret von Kanopos (238 v. Chr.): Kommentar und historische 1905).",False,,,,,,,,,,[]
91f1cdca-900e-48b4-ab4b-fc9890a48380,Museum Archetypes and Collecting in the Ancient World,579,"Friedlaender, Ludwig, 1865–1871:  Thracici, ed. Karl Friedrich (Berlin).",False,,,,,,,,,,[]
6b5fa8d3-2f76-4611-9da7-007196778973,Essen im antiken Judentum und Urchristentum,82,"  Siegert, F., Flavius Josephus. Aus meinem Leben (Vita), Tübingen 2001.  ",False,,,,,,,,,,[]
8c056cce-b183-4d0e-b1ed-502fcf05dee6,The Political Economy of Classical Athens,172," 				Davies, J.K. 1992. ‘Society and Economy’, in D.M. Lewis et al. (eds.), The Cambridge Ancient History, volume 5, The Fifth Century, pp. 287–305. Cambridge. 			",True,The Cambridge Ancient History,1970,None,https://www.googleapis.com/books/v1/volumes/3yUkzNLiY4oC,google,1.0,8d119f7f-ea44-4da4-8bc4-7bc2d84d984f,,,"[{""id_value"": null, ""id_type"": null}]"
708b4da9-75aa-44d4-8b0d-a0ee6eaa4b9d,Brill’s Companion to Seneca,2352,"Ullman, B.L. 1923. Petrarch’s Favorite Books. TAPhA 54: 21–38.",True,Petrarch's Favorite Books,1923*,None,https://www.googleapis.com/books/v1/volumes/Z4AlygAACAAJ,google,0.99,677fe467-8205-4f96-8954-7ae2eae89051,,,"[{""id_value"": null, ""id_type"": null}]"
90552a75-b3d0-42ff-8407-7f6a8b66adc7,The Tradition of Hermes Trismegistus,821,"  Van den Broek, Roelof. “Religious Practices in the Hermetic ‘Lodge’: New Light from Nag Hammadi.” Pages 77–95 in From Poimandres to Jacob Böhme: Gnosis, Hermetism and the Christian Tradition. Edited by Roelof van den Broek, Gilles Quispel, and Cis van Heertum. Amsterdam: In de Pelikaan, 2000.  ",False,,,,,,,,,,[]
cae2b93c-ee06-481c-a7a5-75285c845c48,A Companion to Byzantine Science,727, 						727 						 							 								 									A. 									Eutichiadis 								 							 							Εἰσαγώγη εἰς τὴν βυζαντινὴν θεραπευτικήν 							Athens 							1983 						 					,False,,,,,,,,,,[]
33125a0e-128b-4e05-b70a-238b83ae499e,Diplomats and Diplomacy in the Roman World,34,"Bederman, D.J. International Law in Antiquity (Cambridge, 2001).",True,International Law in Antiquity,2001-03-05,None,https://www.googleapis.com/books/v1/volumes/G4xz6za44noC,google,0.99,532a071b-0b0e-4468-97c7-32e6e8aff9b0,,,"[{""id_value"": null, ""id_type"": null}]"
4b65bf48-c1de-4dc2-90bc-0fbf5444b47e,JUSTICE AS AN ASPECT OF THE POLIS IDEA IN SOLON'S POLITICAL POEMS,53,"Osborne,  R.  Greece  in  the  Making:  1200479 B.C.  London,  1996.",False,,,,,,,,,,[]
95f136c5-7f44-45b4-8850-4d9f9581e03b,Physics and Philosphy of Nature in Greek Neoplatonism,79,"——  (1984)  Galen.  On  the  Doctrines  of   Hippocrates  and  Plato,  Edition,  Translation  and  Commentary,  3,  Commentary  and  Indexes,  Corpus  Medicorum  Graecorum  V.4.1.2  (Berlin).",True,On the Doctrines of Hippocrates and Plato,1984,None,https://www.googleapis.com/books/v1/volumes/PdU5AQAAIAAJ,google,0.99,99facf55-ee10-4863-8fe3-79cfff07399c,,,"[{""id_value"": null, ""id_type"": null}]"
e4454cc5-82a9-4a9c-9bf8-e5065d1cc4c6,Scribal Habits in Sixth-Century Greek Purple Codices,34," 				Burleson, Douglas Y. “Case Studies in Closely Related Manuscripts for Determining Scribal Traits.” PhD thesis, New Orleans Baptist Theological Seminary, 2012. 			",True,Case Studies in Closely Related Manuscripts for Determining Scribal Traits,2012,None,https://www.googleapis.com/books/v1/volumes/QJcynwEACAAJ,google,0.99,c1b70d4d-f575-4ac2-a3de-14d4421c628e,,,"[{""id_value"": null, ""id_type"": null}]"
6d98f034-f94a-4e45-a6c5-94b333b068b7,Singing Alexandria,154,"——. 1999. “The survival of Greek dramatic music.” In B. Gentili and F. Perusino (eds.), La colometria antica dei testi poetici greci (Rome), 17–29.",False,,,,,,,,,,[]
fc98ae76-db80-4892-95c9-a9d0e5a4cf21,Live unnoticed,140,"Donini, P. (1988), ‘The History of the Concept of Eclecticism’, in: Dillon, J.M. – Long, A.A. (eds.), The Question of “Eclecticism”. Studies in Later Greek Philosophy, Berkeley–Los Angeles–London (Hellenistic Culture and Society",False,,,,,,,,,,[]
78d51099-277a-437d-9a5a-8e4a2461a68a,Brill’s Companion to Euripides,134,"mache’s production and served as its didaskalos—a job comparable to that of a In contrast to the predominantly negative appraisals of Hermione’s conduct [e.g., Kamer-",False,,,,,,,,,,[]
119d4575-1d44-4b74-ab41-f1dce814bc5f,Studies in Hermias’ Commentary on Plato’s  Phaedrus,122," 				Manolea, C.-P. “Possessed and Inspired: Hermias on Divine Madness.” International Journal of the Platonic Tradition 7(2) (2013): 156–179. 			",False,,,,,,,,,,[]
e1cc5ffe-700b-439c-bd5c-33c91446abab,Scribal Habits in Early Greek New Testament Papyri,670,"Rius-Camps, Josep. “Le substrat grec de la version latine des Actes.” In Codex Bezae, ed. D.C. Parker and C.–B. Amphoux, 271–295.",False,,,,,,,,,,[]
78d51099-277a-437d-9a5a-8e4a2461a68a,Brill’s Companion to Euripides,49,"them for gendered adult roles. Thus, these threads are interwoven together in Smith (2007).",False,,,,,,,,,,[]
895dadd0-a72c-4591-90cf-a4f2dd6c46d6,Receptions of Hellenism in Early Modern Europe,430,"   Psellos, Michael. 1936–1941. Scripta minora magnam partem adhuc inedita […]. Edited by Eduard Kurtz and Franz Drexl. 2 vols. Milan: Vita e pensiero.  ",False,,,,,,,,,,[]
abf11c02-ff9f-4ea7-97e0-779a8c54779f,Holism in Ancient Medicine and Its Reception,44,"  Holmes, B., and C. Güthenke. ‘Hyperinclusivity, Hypercanonicity, and the Future of the Field.’ In Marginality, Canonicity, Passion, ed. M. Formisano and C. Kraus. Oxford: Oxford University Press (2018) 57–73.  ",False,,,,,,,,,,[]
e862123e-86d7-48c9-8a0c-2a02510c0d5a,The  Shepherd  of Hermas and the Pauline Legacy,526,"  Yong, Kukwah Philemon. “The Faith of Jesus Christ: An Analysis of Paul’s Use of ΠΙΣΤΙΣ ΧΡΙΣΤΟΥ.” Ph.D. diss., The Southern Baptist Theological Seminary, 2003.  ",False,,,,,,,,,,[]
d202fc1e-948b-4b1a-8c7c-136a398bfa72,Das theologische Profil des Julian von Toledo,371," 					Díaz y Díaz, M.C.: Introducción, in: Valerio del Bierzo. Su persona, su obra (FEHL 111), hg. von M.C. Díaz y Díaz, León 2006, 21–165. 				",True,Valerio del Bierzo,2006-02-01,None,https://www.googleapis.com/books/v1/volumes/M70uDgAAQBAJ,google,0.99,350286c6-d164-4941-bdb3-10c0202f0f6d,,,"[{""id_value"": null, ""id_type"": null}]"
12e3781f-77e0-4283-81b7-7e6b4071686c,Human Interaction with the Environment in the Red Sea,613,"Scientific staff of Cruise Bannock 1984–12, “Gypsum precipitation from cold brines in  an anoxic basin in the eastern Mediterranean”, Nature 314, (1985): 152–154.",True,Gypsum Precipitation from Cold Brines in an Anoxic Basin in the Eastern Mediterranean,1985,None,https://www.googleapis.com/books/v1/volumes/nwJ3oAEACAAJ,google,0.9239766081871345,431cff6b-c258-46f8-9f48-401868f6daa3,,,"[{""id_value"": null, ""id_type"": null}]"
1d0b2801-654f-4ec9-90b8-f39c4aaaa043,Mental Disorders in the Classical World,459,"McCarthy, R.J., ‘Al-Kindi’s Treatise on the Intellect’, Islamic Studies 3 (1964), 119–149 (Northampton, MA, 2006).",False,,,,,,,,,,[]
faedaf00-3208-4c32-8f76-c3c1201ca218,“Neither Letters nor Swimming”,198,"  Dasent, George Webbe, trans. The Story of Gisli the Outlaw. Edinburgh: Edmonston and Douglas, 1866.  ",False,,,,,,,,,,[]
10a4f86f-95e7-4067-b6f7-34c4badf5797,ARISTOTLE AND MATHEMATICS,310,"Szlezak,  T.A.  (1987)  ”Die Liickenhaftigkeit der akademischen Prinzipientheorien  nach  Aristoteles'  Darstellung  in  Metaphysik  M  und  N”,  in  Graeser  ed.  (1987)",False,,,,,,,,,,[]
6cac1528-9480-4acb-ad24-dc9cc0ed223f,La splendeur des dieux Quatre études iconographiques sur l’hellénisme égyptien,933,"  Duval, Y. M., « Saint Augustin et les persécutions dans la deuxième moitié du IVème siècle (Civ. Dei XVIII, 52) », Mélanges de science religieuse 23/décembre, 1966b, 175-191.  ",False,,,,,,,,,,[]
ebc833ff-ba3f-457d-9ff2-615de3788ce2,Deconstructing Imperial Representation,113," 				Flach, D. 1973, ‘Dios Platz in der kaiserzeitlichen Geschichtsschreibung’, in: A&A 18.2, 130–143. 			",False,,,,,,,,,,[]
d9a20fd3-376a-4f5c-9024-9be519d5ac70,The Use of Anonymous Characters in Greek Tragedy,14,"——— (1977b) “The prologues of Euripides’ Iphigeneia in Aulis,” CQ 27: 10–26",True,The Prologues of Euripides' Iphigenia in Aulis,1977,None,https://www.googleapis.com/books/v1/volumes/_2iHtgAACAAJ,google,0.99,e3d5faf9-7f48-4c2f-b9c2-e61e78f939b0,,,"[{""id_value"": null, ""id_type"": null}]"
ecc015fa-9319-4c3a-8e60-a152fe9fdc2e,Brill’s Companion to Roman Tragedy,54,"Beard, M. 2007. The Roman Triumph. Cambridge, Mass.",True,The Roman Triumph,2009,None,https://www.googleapis.com/books/v1/volumes/s5rGE5pYG58C,google,1.0,e115580c-de38-4823-8c3f-1929b231439f,,,"[{""id_value"": null, ""id_type"": null}]"
8c955b05-7c4e-4dd9-96ff-f161023daeb4,Divine Visitations and Hospitality to Strangers in Luke-Acts,148,"gaventa, Beverly roberts. The Acts of the Apostles. abingdon New Testament Commentar- ies. Nashville: abingdon press, 2003.",True,Abingdon New Testament Commentaries | Acts,2003,None,https://www.googleapis.com/books/v1/volumes/LillbxhVDDsC,google,0.99,fc6ecfe6-c51a-48d4-9f4b-c80e989c344c,,,"[{""id_value"": null, ""id_type"": null}]"
891563d7-41ae-4195-ba3b-f7b030396ea4,Plundered Empire,59,"  Brunet de Presle, Wladimir, & Blanchet, Alexandre, Grèce depuis la conquête romaine jusqu’à nos jours, Paris 1860.  ",True,Grèce depuis la conquête romaine jusqu'à nos jours,1860,None,https://www.googleapis.com/books/v1/volumes/rBhCAAAAcAAJ,google,0.99,1506ba58-4b2e-48ad-a457-5a453937ff82,,,"[{""id_value"": null, ""id_type"": null}]"
51ee895a-8c4e-4220-960d-0fd98540d60b,Brill’s Companion to Aphrodite,395,"Kent, John P.C., and Kenneth S. Painter, ed., Wealth of the Roman World: ad 300– 1990).",True,Wealth of the Roman World,1977,None,https://www.googleapis.com/books/v1/volumes/_wo4AQAAIAAJ,google,0.847457627118644,4b795e41-e4e9-4b10-bd91-32df9955b604,,,"[{""id_value"": null, ""id_type"": null}]"
698cd9ac-ed97-4320-9d28-bb8496166ae2,The Reception of Ancient Greece and Rome in Children’s Literature,303,"Heroes, and Monsters (Washington D.C.: National Geographic, 2011).",False,,,,,,,,,,[]
4d1bffc0-0288-4d5c-b304-e9dfd768e4d6,Roman Turdetania,591,"                 Mora,                             G. 2000.                         ‘La moneda púnica en la historiografía                         española de los siglos XVI a XIX.’ In                     García Bellido and Callegarin, eds.                         169–178.             ",False,,,,,,,,,,[]
122bcb46-07c9-4aae-825b-10f399a1a695,Performance in Greek and Roman Theatre,1039,"Slater, W.J. 1993. “Three Problems in the History of Drama”, Phoenix 47: 189–212.",False,,,,,,,,,,[]
6f239d6c-db94-437c-91e3-3d9b34b4366b,Echoes of an Invisible World,57,"Galilei, Vincenzo. 1967. Dialogo della musica antica et delle moderna. Facs. ed. of the  Florence, 1581, ed. New York: Broude Brothers.",True,Dialogo della musica antica et delle moderna,1967,None,https://www.googleapis.com/books/v1/volumes/ApTzGgAACAAJ,google,0.99,8904eaec-29a8-4552-9892-beef72bfe0d5,,,"[{""id_value"": null, ""id_type"": null}]"
7eeeaa46-5896-449c-a804-d2064658b6b4,History of Ancient Greek Scholarship,579,"  Dagron G., ‘Byzance et l’union’, in La Romanité Chrétienne en Orient (London 1984), n. xiv.  ",True,La Romanité Chrétienne en Orient,1984,None,https://www.googleapis.com/books/v1/volumes/VwYEywEACAAJ,google,0.99,1cbc43dc-8cf7-4d84-8d7d-66294912c395,,,"[{""id_value"": null, ""id_type"": null}]"
222b1d41-6876-4faa-a8f6-2b1cf7c6f44b,On the Agora,460,"Nerantzis, I.G. 1997. Η αρχαία Στρατική Ακαρνανίας—Μνημειακή τοπογραφία επιγραφές New York: Cambridge University Press.",False,,,,,,,,,,[]
81977646-2ce4-4c77-8ee6-0ef78a9cd358,Roman Turdetania,588,"                 Momigliano,                             A. 1975.                         Alien Wisdom: The Limits of Hellenization.                         Cambridge and London:                         Cambridge University                     Press.             ",False,,,,,,,,,,[]
9055f86e-f2f7-4082-af70-5a7e0101c5e7,The Apostles in Early Christian Art and Poetry,376,"Kirschbaum,  E.  (1965).  “Monumenti  e  letteratura  nell’iconografia  paleocristiana”   23–30  Settembre,  1962.  Città  del  Vaticano,  Pontificio  Instituto  di  Archeologia  Cristiana: 741–751.",True,Monumenti e letteratura nell'iconografia paleocristiana,1962,None,https://www.googleapis.com/books/v1/volumes/s21mtAEACAAJ,google,0.9473684210526315,b4f5f9f3-dc18-4688-91cb-92c491fde9be,,,"[{""id_value"": null, ""id_type"": null}]"
bb82d781-6e66-4cd6-b7d0-6dfbcc2f1a23,Tacitus the Epic Successor,227,"——— (1994b). “Tacitus Histories 2.83–84: Content and Positioning,” CP 89: 166–175.",False,,,,,,,,,,[]
41eb6b9c-5d9b-4210-a056-2acb70b18e90,"Teachers, Students, and Schools of Greek in the Renaissance",153,Stephanus of Byzantium. 1502. De urbibus. Venice: Aldo Manuzio.,False,,,,,,,,,,[]
6b5fa8d3-2f76-4611-9da7-007196778973,Essen im antiken Judentum und Urchristentum,1450,"  Tov, E., Three Strange Books of the LXX. 1 Kings, Esther, and Daniel Compared with Similar Rewritten Compositions from Qumran and Elsewhere, in: M. Karrer/W. Kraus (Hg.), Die Septuaginta – Texte, Kontexte, Lebenswelten. Internationale Fachtagung veranstaltet von Septuaginta Deutsch (LXX.D), Wuppertal 20.–23. Juli 2006 (WUNT 219), Tübingen 2008, 369–393.  ",False,,,,,,,,,,[]
7eeeaa46-5896-449c-a804-d2064658b6b4,History of Ancient Greek Scholarship,2605,"  von Falkenhausen V., ‘Tra Occidente e Oriente: Otranto in epoca bizantina’, in Otranto nel Medioevo, ed. H. Houben (Galatina 2007) 13–60.  ",False,,,,,,,,,,[]
ac5b7c74-2352-4110-8511-12e9d475a06a,Topography and History of Ancient Epicnemidian Locris,571,"———, (1929b): “Une basilique paléochrétienne Locride” Byzantion 5, 207–288.",True,Une basilique paléochrétienne en Locride,1929,None,https://www.googleapis.com/books/v1/volumes/thqmoAEACAAJ,google,0.99,af7592da-a529-46ef-97a2-ebd1be909a67,,,"[{""id_value"": null, ""id_type"": null}]"
b3c6dc77-0614-4556-9153-33a0d60e3aab,The Multilingual Jesus and the Sociolinguistic World of the New Testament,699,"Parker,  S. Thomas.  “Decapolis.”  Pages  127–30  in  vol.  2  of  The  Oxford  Encyclopedia  of  Archaeology  in  the  Near  East.  Edited  by  E.M.  Meyers.  5  vols.  Oxford:  Oxford  University Press, 1997.",False,,,,,,,,,,[]
7bdf420d-32e2-4957-8dfb-b63686bd8557,The Renewal of Epic,75,"W.  Burkert,  trans. J.  Raffan,  Greek Religion: Archaic and Cl.assical (Oxford:  1985)",False,,,,,,,,,,[]
8cc1a962-02fe-4c26-8c3f-1fb25ae0ede0,"Valerius Flaccus,  Argonautica , Book I",311,"H. Pinkster, Latin Syntax and Semantics, London/New York 1990",True,Latin Syntax and Semantics,1990,None,https://www.googleapis.com/books/v1/volumes/x5IOAAAAQAAJ,google,0.99,ed070f08-132b-447b-9b3a-5eaf8baa4e0a,,,"[{""id_value"": null, ""id_type"": null}]"
c44b4a69-8651-4b51-a62f-04472109629d,Guilt and Extenuation in Tragedy,52,"  Sophocles, The Three Theban Plays, trans. Robert Fagles (Harmondsworth: Penguin, 1984).  ",True,The Three Theban Plays,2018-06-18,None,https://www.googleapis.com/books/v1/volumes/bPHEuAEACAAJ,google,1.0,e62a1db4-e84c-444b-8f5e-ea8eb0673f36,,,"[{""id_value"": null, ""id_type"": null}]"
4f45ca87-f2cc-4d36-b0e9-7d8945cc30f2,Barbarian or Greek?,318,"JonesC.P.The Roman World of Dio Chrysostom. Cambridge: Harvard University Press, 1978.",False,,,,,,,,,,[]
7b98252c-c219-491b-8a44-3e4286c9ca47,The Judgment of Palaemon,2,"Bibliothèque nationale de France, ms lat. 8589.",True,La Bibliothèque nationale de France,2001,None,https://www.googleapis.com/books/v1/volumes/1q8VAQAAIAAJ,google,0.9552238805970149,e224b68a-61f8-4398-ad23-0a1e2d5ec048,,,"[{""id_value"": null, ""id_type"": null}]"
0172ea14-22fd-4164-a417-cb923c77acb3,Dealing With The Dead,368,"Davidson, H. R. Ellis. The Lost Beliefs of Northern Europe (New York, 1993).",True,The Lost Beliefs of Northern Europe,2002-11-01,None,https://www.googleapis.com/books/v1/volumes/vueIAgAAQBAJ,google,1.0,27bbec11-05b6-4e46-b3f7-11b2adc32c8b,,,"[{""id_value"": null, ""id_type"": null}]"
b839fbdb-65b2-41ef-8359-337b8e6799d0,Before Enlightenment,319,"  McLaughlin, Martin. “Latin and vernacular from Dante to the age of Lorenzo (1321–c. 1500).” The Cambridge History of Literary Criticism, vol. 2, ed. A. Minnis and I. Johnson, 612–625. Cambridge: Cambridge University Press, 2005.  ",False,,,,,,,,,,[]
bccb22d7-e54b-4b46-8d4a-f5c00c36ea4f,Pliny the Elder: Themes and Contexts,230,"Kirk, G.S., Raven, J.E., and M. Schofield (1995). The Presocratic Philosophers (Cambridge).",True,The Presocratic Philosophers,1983-12-29,None,https://www.googleapis.com/books/v1/volumes/AzOsdRiMm7wC,google,1.0,2dc92b07-bdf5-44af-8194-d7719fdb4e83,,,"[{""id_value"": null, ""id_type"": null}]"
5a852dd0-e588-49cd-acac-c933274792dc,PHILO OF ALEXANDRIA AND THE  TIMAEUS  OF PLATO,48,Petit F.  Quaestiones  in  Genesim  et  in  Exodum:  Fragmenta  Graeca  vol.  33  Les reuvres de Philon  113-114  (Berlin  1973)  1975)  d'Alexandrie  (Paris  1978),False,,,,,,,,,,[]
dbef2c60-ec69-41b6-9790-568a4fada506,Flavian Poetry and its Greek Past,639,"Reussner, A. (1921). De Statio et Euripide. Diss. Halle University.",True,De Statio et Euripide,1921,None,https://www.googleapis.com/books/v1/volumes/rHFYmQEACAAJ,google,0.99,013c3096-c930-4d90-90d3-acc487511031,,,"[{""id_value"": null, ""id_type"": null}]"
a15e3650-8e13-4550-8b67-2158fc2df786,"Classical Rhetoric in English, 1650–1800",634," 						Seneca the Younger. 1774. Seneca’s Morals by Way of Abstract. To Which Is Added, a Discourse under the Title of An after-Thought. By Sir Roger L’Estrange, Knt. Translated by Roger L’Estrange. A new edition. Edinburgh: printed by Gavin Alston. 					",False,,,,,,,,,,[]
76cc5662-13ff-45af-9643-58c2f8deaf60,The Functions and Use of Roman Coinage,43,"  Burnett, A. 2005. “The Roman West and the Roman East.” In Coinage and Identity in the Roman Provinces, edited by C. Howgego, V. Heuchert, and A. Burnett, 171–180. Oxford: Oxford University Press.  ",True,The Roman West and the Parthian East,1999,None,https://www.googleapis.com/books/v1/volumes/IEN-zQEACAAJ,google,0.8695652173913043,d381429a-3a4b-4c18-b054-e0c7622abe42,,,"[{""id_value"": null, ""id_type"": null}]"
869d8a52-85bf-4144-b44e-bc5686aef65c,Athena Itonia: Geography and Meaning of an Ancient Greek War Goddess,63,"  Boeckh, A. 1851. Die Staatshaushaltung der Athener, 2nd ed. 2 vols. Berlin.  ",False,,,,,,,,,,[]
624697a1-c86b-40fb-91d0-8a89d95dc958,Psychological and Ethical Ideas,177,"Stokes,  M.C.,  One and MaT!J in Presocratic Philosophy, Wash.  D.C.,  I 971.",False,,,,,,,,,,[]
36fa23f6-a5bc-42d2-811f-ac681b768131,Magnes,1738," 				Labarre, Albert. 1973. „Diffusion de l’ Historia Naturalis de Pline au temps de la Renaissance“. In Festschrift für Claus Nissen: zum siebzigsten Geburtstag, herausgegeben von Elisabeth Geck und Guido Pressler, 451–470. Wiesbaden: Guido Pressler. 			",True,Diffusion de l'Historia naturalis de Pline au temps de la Renaissance,1973,None,https://www.googleapis.com/books/v1/volumes/4SGZXwAACAAJ,google,0.99,a748fbc8-8eff-442c-a0d0-14c9dbb13087,,,"[{""id_value"": null, ""id_type"": null}]"
1302658a-d1e0-4561-9dab-9021f28058f2,The Play of Texts and Fragments,104,"Burton, R.W.B. 1980. The Chorus in Sophocles’ Tragedies. Oxford.",True,The Chorus in Sophocles' Tragedies,1980,None,https://www.googleapis.com/books/v1/volumes/r9FfAAAAMAAJ,google,0.99,6592be80-899d-4e61-b69e-50eb72ceb43a,,,"[{""id_value"": null, ""id_type"": null}]"
450f7014-a7ae-4e48-85c9-a2f6c150ff4e,Revelation 21–22 in Light of Jewish and Greco-Roman Utopianism,309,"Niehoff,  Maren  R.  “Philo’s  Scholarly  Inquiries  into  the  Story  of  Paradise.”  Pages  28–42  in  Paradise in Antiquity: Jewish and Christian Views. Edited by Markus Bockmuehl and Guy  G. Stroumsa. Cambridge: Cambridge University Press, 2010.",False,,,,,,,,,,[]
cae2b93c-ee06-481c-a7a5-75285c845c48,A Companion to Byzantine Science,154, 						154 						 							 								 									Theodorus 									Metochites 								 							 							In Aristotelis meteorologicorum paraphrasis 							 								 									G. 									Hervet 								 							 							Paraphrasis in Aristotelis Universam Naturalem Philosophiam 							Stuttgart 							1992 							575 							675 						 					,False,,,,,,,,,,[]
398b63e4-422d-4c7a-af83-1d3a49c72e7d,Aëtiana  V,404," 				Cambiano, G. ed. (1986), Storiografia e dossografia nella filosofia antica, Turin 			",True,Storiografia e dossografia nella filosofia antica,1986,None,https://www.googleapis.com/books/v1/volumes/qMQYAAAAIAAJ,google,0.99,156b4f64-773b-47f5-8d5f-312b212afc6c,,,"[{""id_value"": null, ""id_type"": null}]"
f52704af-3330-455e-adbd-bd7cbd4a7bd7,Analysis and Interpretation of the Monuments,408,"this type, all in stone, are known (I, I8, 20,  24, 28, 33, 47, 49,  58, 59,  (I,  33,  47,  58,  59,  79,  I08, 260).  But reliefs of similar shape are like",False,,,,,,,,,,[]
06ed2adc-dfce-42f7-a6ba-10b8ba4b159b,The Ancient Art of Persuasion across Genres and Topics,230,"  Grethlein, J. 2011. “The rise of Greek historiography and the invention of prose.” In: The Oxford history of historical writing: Volume 1: Beginnings to AD 600, eds. A. Feldherr and G. Hardy: 148–170. Oxford.  ",False,,,,,,,,,,[]
275e72b8-c496-4d90-959e-40657ca53810,Interpolation in Thucydides,134,"Smyth,  H.W.,  Greek Grammar (Cambridge,  Mass.  1920:  reprinted  1971)",False,,,,,,,,,,[]
cd2b5074-1108-4b49-ad31-f16851018399,Individuals and Materials in the Greco-Roman Cults of Isis,2167,"  Quack & Ryholt 2000 = Quack, J.F. & Kim Ryholt, “Notes on the Setne Story. P. Carlsberg 207”, in Frandsen & Ryholt 2000, 141–163.  ",False,,,,,,,,,,[]
a62b8422-6c4c-4c9a-8ec6-6c8c475760f0,Connecting a City to the Sea,517,"Ohly, D. 1965. “Kerameikos-Grabung. Tätigkeitsbericht 1959–1961.” AA: 277–376.",False,,,,,,,,,,[]
20f2caaa-677a-42c1-8857-19e196f8c74e,Isidore of Seville and the  Liber Iudiciorum,331,"McKitterick, Rosamond. The Carolingians and the Written Word. Cambridge: Cambridge University Press, 1989.",True,The Carolingians and the Written Word,1989-06-29,None,https://www.googleapis.com/books/v1/volumes/cw3WXEqLpY8C,google,0.99,bf41361a-7e3e-46b8-b43f-9292007ecec5,,,"[{""id_value"": null, ""id_type"": null}]"
f288353a-0a2e-4095-a902-9115298934f4,"Society, Medicine and Religion in the Sacred Tales of Aelius Aristides",298,"Radt, W. (1988): Pergamon: Geschichte und Bauten, Funde und Erforschung einer antiken Metropole (Cologne).",False,,,,,,,,,,[]
5b7ade43-7b83-4597-a458-042d8a99632f,Trading Communities in the Roman World,64,"——, ‘ Why are institutions the “Carriers of history”?: path Dependence and the Evolution  of  Conventions,  organizations  and  institutions’,  in:  Structural  Change  and  Economic  Dynamics 5,2 (1994) 205–220.",False,,,,,,,,,,[]
969dc0be-9925-4ee3-a7ec-c98285b071f6,Style and Context of Old Greek Job,472,"Miller, Shem. “Innovation and Convention: An Analysis of Parallelism in Stichographic,  Hymnic  and  Sapiental  Poetry  in  the  Dead  Sea  Scrolls.”  Ph.D.  diss.,  Florida  State  University, 2012.",False,,,,,,,,,,[]
64279803-da19-4daf-8736-33929a5d9edf,Classical Rhetoric in the Middle Ages,972,"  Henry (1967)	D.P. Henry The Logic of St. Anselm (London: Oxford University Press, 1967).  ",True,The Oxford University Press,1978,None,https://www.googleapis.com/books/v1/volumes/rAUmnk2VNT4C,google,0.8275862068965517,1dc94390-3013-4d00-af02-8e9011980f4c,,,"[{""id_value"": null, ""id_type"": null}]"
9c6a01c1-ef85-49c6-9c23-e0913fadcae1,The Understanding of Ornament in the Italian Renaissance,90,"———. Trattati d’arte del Cinquecento, fra manierismo e Controriforma. Bari: Laterza,  1960–62.",True,Trattati d'arte del Cinquecento,1962,None,https://www.googleapis.com/books/v1/volumes/EbZEAAAAYAAJ,google,0.967741935483871,d023076a-748d-4674-a918-2c5f9b90969c,,,"[{""id_value"": null, ""id_type"": null}]"
81a23876-1577-45f7-8696-7736ae48cb51,Brill’s Companion to Ancient Greek Scholarship (Volume 1-2),2568,"———, ‘Survivance d’une lecture alexandrine de l’ “Ars medica” en latin et en arabe’,  Archives d’histoire doctrinale et littéraire du Moyen Age 60 (1993) 57–102.",True,Ars medica,1633,None,https://www.googleapis.com/books/v1/volumes/9MOaYIKOpuAC,google,1.0,5c4cd6f8-6527-4314-b463-2fdd780ad729,,,"[{""id_value"": null, ""id_type"": null}]"
9906a24b-1e91-49f7-afe2-04a73047d5f5,Soldiering for God,417,"Marruchi, O. Epigrafia cristiana. Milano: Ulrico Hoepli, 1910.",False,,,,,,,,,,[]
55d5280b-4b28-4481-83dc-44ec90abfaaf,Mapping Gender in Ancient Religious Discourses,53,"Beale,  G.  K.  The  Book  of  Revelation:  A  Commentary  on  the  Greek  Text.  NIGTC.  Grand Rapids: Eerdmans, 1999.",False,,,,,,,,,,[]
4fd312d9-0665-42f2-aea1-adbcf75363d5,Cartography in Antiquity and the Middle Ages,379,"Weber,  Ekkehard.  Tabula  Peutingeriana:  Codex  Vindobonensis  324,  Kommentar.  Graz:  Akademische Druck- und Verlagsanstalt, 1976.",True,Tabula Peutingeriana :Codex Vindobonensis 324,1950,None,https://www.googleapis.com/books/v1/volumes/yG88kgAACAAJ,google,0.9361702127659575,68de854e-2c25-4a55-ab16-d8cfbccca43a,,,"[{""id_value"": null, ""id_type"": null}]"
811d915b-3799-46ee-acbb-8b779c9761cd,Egyptianizing Figurines from Delos,1379,"Quirke,  Stephen,  and  Carol  Andrews   1989   The  Rosetta  Stone:  Facsimile  Drawing  with an Introduction and Translations  New York",False,,,,,,,,,,[]
81a23876-1577-45f7-8696-7736ae48cb51,Brill’s Companion to Ancient Greek Scholarship (Volume 1-2),908,"Eggs  E.,  ‘Metapher’,  in  Historisches  Wörterbuch  der  Rhetorik,  vol.  5  (Tübingen  2001)  1099–1183.",False,,,,,,,,,,[]
398b63e4-422d-4c7a-af83-1d3a49c72e7d,Aëtiana  V,2705," 				Wiesner, J. (1989), ‘Theophrast und der Beginn des Archereferats von Simplikios’ Physikkomentar’, Hermes 117, 288–203 			",False,,,,,,,,,,[]
fc010006-5585-4dde-9fb3-03d4a35687b3,Pesher and Hypomnema,548,"  Stern, David,ed. The Anthology in Jewish Literature. Oxford: Oxford University Press, 2004.  ",True,The Anthology in Jewish Literature,2004-10-07,None,https://www.googleapis.com/books/v1/volumes/sdMJCAAAQBAJ,google,0.99,cbbce0fc-61b0-42e7-8a1b-ec2129714fa3,,,"[{""id_value"": null, ""id_type"": null}]"
0aeb6c6a-6189-4cd3-8de3-f02c67746d3f,The Economic Integration of Roman Italy,135,"Bruno, B. (1995). Aspetti di storia economica della Cisalpina romana. Le anfore di tipo Lamboglia 2 rinvenuti in Lombardia (Roma).",False,,,,,,,,,,[]
fdc19e91-808d-4f59-9c93-ad15a3ea7998,The Adaptable Jesus of the Fourth Gospel,276,"Tovey, Derek. Narrative Art and Act in the Fourth Gospel. Journal for the Study of the  Empire, 43 BC–AD 69. Vol. 10 of The Cambridge Ancient History. Edited by Alan K.",False,,,,,,,,,,[]
591b2204-041d-4d3f-937f-8ef19f7f73bf,Did God Care?,214," 				Euripides. Suppliant Women. Electra. Heracles. Edited and translated by David Kovacs. LCL 9. Cambridge: Harvard University Press, 1998. 			",False,,,,,,,,,,[]
869d8a52-85bf-4144-b44e-bc5686aef65c,Athena Itonia: Geography and Meaning of an Ancient Greek War Goddess,733,"  Threpsiades, I. 1960. ArchDelt 16, Chron. B’1, pp. 26–27.  ",False,,,,,,,,,,[]
398b63e4-422d-4c7a-af83-1d3a49c72e7d,Aëtiana  V,318," 				Bowen, A.C.–Wildberg, C. eds. (2009), New Perspectives on Aristotle’s De caelo, Leiden 			",True,New Perspectives on Aristotle's De Caelo,2009,None,https://www.googleapis.com/books/v1/volumes/y1YbEmEMfKsC,google,0.99,0fb911fd-0a3b-47ad-8970-513645ec22db,,,"[{""id_value"": null, ""id_type"": null}]"
d3d5c47a-6469-40b9-96d9-69c38e3fe6c1,Taming Ares,90," 					West, M.L. (1990) (ed.) Aeschyli Tragoediae, Stuttgart: Teubner. 				",True,Aeschyli Tragoediae,1852,None,https://www.googleapis.com/books/v1/volumes/vW4TAAAAQAAJ,google,1.0,0c975125-83a9-4a24-b691-f4f679d23580,,,"[{""id_value"": null, ""id_type"": null}]"
983e87b8-93e9-41e5-afab-17f18906cec4,The Italian Mind,39,—— 1576. Instrumento della filosofia naturale. Venice.,True,Instrumento della filosofia naturale,1576,None,https://www.googleapis.com/books/v1/volumes/6u-0nQEACAAJ,google,0.99,413dab94-be3f-4495-a566-57346db76741,,,"[{""id_value"": null, ""id_type"": null}]"
de207adb-95c9-4837-8571-e8f9f86760b8,Brill’s Companion to Cicero,99,"Wallies,  M.  De fontibus  topicorum  Ciceronis.  Berolini:  A.  Haack,  1878.  (The  author's",True,De fontibus topicorum Ciceronis ...,1878,None,https://www.googleapis.com/books/v1/volumes/ihHRzQEACAAJ,google,0.99,02d43927-4cc8-4602-9760-2681e1101d7f,,,"[{""id_value"": null, ""id_type"": null}]"
969dc0be-9925-4ee3-a7ec-c98285b071f6,Style and Context of Old Greek Job,122,"Carleton  Paget,  James  and  Joachim  Schaper,  eds.  The  New  Cambridge  History  of  the  Bible From the Beginnings to 600. Cambridge: Cambridge University Press, 2013.",True,"The New Cambridge History of the Bible: Volume 1, From the Beginnings to 600",2013-05-09,None,https://www.googleapis.com/books/v1/volumes/doBezgEACAAJ,google,0.99,b4ee58d3-329b-41d4-bc57-6a62d297a6ae,,,"[{""id_value"": null, ""id_type"": null}]"
49c6e349-9c95-4b18-bdec-5d72cba0baa9,"Speech-in-Character, Diatribe, and Romans 3:1–9",94,"  Anderson Jr., R. Dean. Glossary of Greek Rhetorical Terms Connected to Methods of Argumentation, Figures and Tropes, From Anaxamenes to Quintilian. Contributions to Biblical Exegesis and Theology 24. Leuven: Peeters, 2000.  ",False,,,,,,,,,,[]
820cd7b1-e3dc-46c8-a152-76f9433dd26e,Metaphysics or Ontology?,32,"AubenquePierre. “Suárez et l’avènement du concept d’être” [Suárez and the Advent of the Concept of Being] .In CardosoMartins, and DosSantos, Francisco Suárez (1548–1617).",False,,,,,,,,,,[]
f462c6a8-5c33-4800-afa9-848a27837213,Medicine in Ancient Assur,160,"  Ebeling, E. 1931a	Tod und Leben nach den Vorstellungen der Babylonier (Berlin and Leipzig: Walter de Gruyter & Co.)  ",True,Tod und leben nach den vorstellungen der Babylonier,1931,None,https://www.googleapis.com/books/v1/volumes/CnTXAAAAMAAJ,google,0.99,aab7a98d-b3fa-478c-96f2-cde85961f8f4,,,"[{""id_value"": null, ""id_type"": null}]"
591b2204-041d-4d3f-937f-8ef19f7f73bf,Did God Care?,522," 				Rist, John M. “The Greek and Latin Texts of the Discussion on Free Will in De Principiis, Book III.” Pages 97–111 in Origeniana. Premier colloque international des études origéniennes (Montserrat, 18–21 septembre 1973). Edited by Henri Crouzel, Gennaro Lomiento, and Josep Rius-Camps. Quaderni di “Vetera Christianorum” 12. Bari: Istitutio di letteratura christiana antica; Università di Bari, 1975. 			",False,,,,,,,,,,[]
48187264-52e8-49e3-b589-fa9de8221aa4,Water Culture in Roman Society,216,"  Hodge, A. Trevor. 2000c. “Wells.” In Handbook of Ancient Water Technology, edited by Örjan Wikander, 29–34. Technology and Change in History 2. Leiden: Brill.  ",False,,,,,,,,,,[]
4c6ba321-d757-4ab1-b4e9-568fd2087e41,The Epistles for All Christians,285,"  Mitchell, Margaret M. “Gentile Christianity.” Pages 103–124 in Cambridge History of Christianity. Edited by Margaret M. Mitchell and Frances M. Young. Cambridge: Cambridge University Press, 2006.  ",True,The Rise of Gentile Christianity,1927,None,https://www.googleapis.com/books/v1/volumes/jxI-D_m10msC,google,0.7692307692307693,98c5d2af-6271-424c-bebb-894de31b7da2,,,"[{""id_value"": null, ""id_type"": null}]"
2a19d524-78e2-4e33-bc74-8ee679c5d80f,Zodiac Calendars in the Dead Sea Scrolls and Their Reception,851,———.  “Annotated  Lists  of  Overlaps  and  Parallels  in  the  Non-Biblical  Texts  from  Qumran and Masada.” Pages 285–322 in The Texts from the Judaean Desert: Indices  and an Introduction to the Discoveries in the Judaean Desert Series. Edited by Emanuel,False,,,,,,,,,,[]
1302658a-d1e0-4561-9dab-9021f28058f2,The Play of Texts and Fragments,795,"Stieber, Mary. (forthcoming). Euripides and the Language of Craft.",True,Euripides and the Language of Craft,2011,None,https://www.googleapis.com/books/v1/volumes/Lz0qtrip-5YC,google,1.0,08f6d1d5-95f1-4466-96d8-6b11492784ca,,,"[{""id_value"": null, ""id_type"": null}]"
40375d98-6b48-450f-890c-b1447de69f8e,Flavian Rome,1155,"Wittgenstein, L. (tr. G. E. M. Anscombe) (1958) Philosophical Investigations. 2nd edn.",True,Philosophical Investigations,2010-03-16,None,https://www.googleapis.com/books/v1/volumes/vGXWRovhS44C,google,1.0,e94bc1ca-a33b-488f-bfc2-d52a70313c47,,,"[{""id_value"": null, ""id_type"": null}]"
55b160f2-19d6-4eb9-8fb4-c2976f0179b0,"Sophene, Gordyene, and Adiabene",225,"Bell, G.L. 1911: Amurath to Amurath, London.",True,Amurath to Amurath,1921,None,https://www.googleapis.com/books/v1/volumes/7N0dngEACAAJ,google,0.9473684210526315,1b7b7778-c90d-4f10-b1c9-3ba754530b11,,,"[{""id_value"": null, ""id_type"": null}]"
52d41a6a-2a65-451a-8850-e4a87f116473,Brill’s Companion To Sophocles,222,"Corrigan, R. (1961), ‘Translating for Actors’, in W. Arrowsmith/R. Shattuck, (eds.) Tragedy (Cambridge).",True,Translating for Actors,2001,None,https://www.googleapis.com/books/v1/volumes/-J9GnQEACAAJ,google,0.9565217391304348,8852694c-d6ca-4387-8240-663319dfd2d5,,,"[{""id_value"": null, ""id_type"": null}]"
34916a24-338d-4a93-b839-b3289b64eed3,DOLOS AND DIKE IN SOPHOKLES' ELEKTRA,103,"Gennep,  van  A  1960.  7he  Rites  qf Passage.  London.  First  published  in  French,  1909.",False,,,,,,,,,,[]
34916a24-338d-4a93-b839-b3289b64eed3,DOLOS AND DIKE IN SOPHOKLES' ELEKTRA,227,"N ozick,  R.  1981.  Philosophical  Explanations.  Cambridge.",True,Philosophical Explanations,1981,None,https://www.googleapis.com/books/v1/volumes/N4zH86WogYwC,google,0.99,9988d7cb-b921-4c41-b4c9-bbfe463a84c3,,,"[{""id_value"": null, ""id_type"": null}]"
1495646b-6ccc-4740-ab8c-00a8b8082efc,Brill’s Companion to the Reception of Herodotus in Antiquity and Beyond,825,"Sluiter,  I.  and  R.M.  Rosen  (eds.)  (2012)  Aesthetic Value in Classical Antiquity.  Leiden:  London: J. Walton.",True,Aesthetic Value in Classical Antiquity,2012-09-06,None,https://www.googleapis.com/books/v1/volumes/jlXKM1jBhswC,google,0.99,ea97b08f-7f6f-4235-a957-c166c4c61c4f,,,"[{""id_value"": null, ""id_type"": null}]"
3fcaa904-9e03-4dfd-83e8-31d886644c56,The Hellenica Oxyrhynchia and Historiography,422,"Walbank, F.W., A Historical Commentary on Polybius, vol. 2 (Oxford, 1967 b).",False,,,,,,,,,,[]
